,mae,mse,rmse
0,293.6682907677383,269874.823666087,519.4947773232057
