,mae,mse,rmse
0,298.5289904157538,301764.0501574709,549.3305472640957
